38.955409,-77.151581,0
38.955408,-77.151581,0.587942202
38.955408,-77.151581,1.175884405
38.955407,-77.151581,1.763826607
38.955407,-77.151582,2.351768809
38.955406,-77.151582,2.939711011
38.955406,-77.151582,3.527653214
38.955405,-77.151583,4.115595416
38.955404,-77.151583,4.703537618
38.955404,-77.151583,5.291479821
38.955403,-77.151584,5.879422023
38.955402,-77.151584,6.467364225
38.955401,-77.151585,7.055306428
38.955401,-77.151585,7.64324863
38.9554,-77.151585,8.231190832
38.955399,-77.151586,8.819133034
38.955398,-77.151586,9.407075237
38.955397,-77.151587,9.995017439
38.955396,-77.151587,10.58295964
38.955395,-77.151588,11.17090184
38.955394,-77.151588,11.75884405
38.955393,-77.151589,12.34678625
38.955392,-77.151589,12.93472845
38.955391,-77.15159,13.52267065
38.95539,-77.151591,14.11061286
38.955389,-77.151591,14.69855506
38.955388,-77.151592,15.28649726
38.955387,-77.151592,15.87443946
38.955385,-77.151593,16.46238166
38.955384,-77.151594,17.05032387
38.955383,-77.151594,17.63826607
38.955382,-77.151595,18.22620827
38.95538,-77.151596,18.81415047
38.955379,-77.151596,19.40209268
38.955378,-77.151597,19.99003488
38.955376,-77.151598,20.57797708
38.955374,-77.151599,21.16591928
38.955373,-77.151599,21.75386148
38.955372,-77.1516,22.34180369
38.95537,-77.151601,22.92974589
38.955368,-77.151602,23.51768809
38.955367,-77.151603,24.10563029
38.955365,-77.151603,24.6935725
38.955364,-77.151604,25.2815147
38.955362,-77.151605,25.8694569
38.95536,-77.151606,26.4573991
38.955358,-77.151607,27.04534131
38.955356,-77.151608,27.63328351
38.955355,-77.151609,28.22122571
38.955353,-77.15161,28.80916791
38.955351,-77.151611,29.39711011
38.955349,-77.151612,29.98505232
38.955347,-77.151613,30.57299452
38.955345,-77.151614,31.16093672
38.955343,-77.151615,31.74887892
38.955341,-77.151616,32.33682113
38.955339,-77.151617,32.92476333
38.955338,-77.151618,33.51270553
38.955336,-77.151619,34.10064773
38.955333,-77.15162,34.68858994
38.955331,-77.151621,35.27653214
38.955329,-77.151623,35.86447434
38.955327,-77.151624,36.45241654
38.955325,-77.151625,37.04035874
38.955323,-77.151626,37.62830095
38.955321,-77.151627,38.21624315
38.955319,-77.151628,38.80418535
38.955316,-77.151629,39.39212755
38.955314,-77.151631,39.98006976
38.955312,-77.151632,40.56801196
38.95531,-77.151633,41.15595416
38.955308,-77.151634,41.74389636
38.955305,-77.151635,42.33183857
38.955303,-77.151637,42.91978077
38.955301,-77.151638,43.50772297
38.955298,-77.151639,44.09566517
38.955296,-77.151641,44.68360737
38.955294,-77.151642,45.27154958
38.955291,-77.151643,45.85949178
38.955289,-77.151644,46.44743398
38.955286,-77.151646,47.03537618
38.955284,-77.151647,47.62331839
38.955281,-77.151648,48.21126059
38.955279,-77.15165,48.79920279
38.955276,-77.151651,49.38714499
38.955274,-77.151653,49.97508719
38.955271,-77.151654,50.5630294
38.955268,-77.151655,51.1509716
38.955266,-77.151657,51.7389138
38.955263,-77.151658,52.326856
38.955261,-77.151659,52.91479821
38.955257,-77.151661,53.50274041
38.955255,-77.151663,54.09068261
38.955252,-77.151664,54.67862481
38.955249,-77.151665,55.26656702
38.955247,-77.151667,55.85450922
38.955244,-77.151668,56.44245142
38.955241,-77.15167,57.03039362
38.955238,-77.151671,57.61833582
38.955235,-77.151673,58.20627803
38.955232,-77.151674,58.79422023
38.95523,-77.151676,59.38216243
38.955227,-77.151677,59.97010463
38.955224,-77.151679,60.55804684
38.955221,-77.15168,61.14598904
38.955218,-77.151682,61.73393124
38.955215,-77.151684,62.32187344
38.955212,-77.151685,62.90981565
38.955209,-77.151686,63.49775785
38.955206,-77.151688,64.08570005
38.955203,-77.15169,64.67364225
38.9552,-77.151691,65.26158445
38.955197,-77.151693,65.84952666
38.955195,-77.151694,66.43746886
38.955191,-77.151696,67.02541106
38.955188,-77.151697,67.61335326
38.955185,-77.151699,68.20129547
38.955182,-77.151701,68.78923767
38.955179,-77.151702,69.37717987
38.955176,-77.151704,69.96512207
38.955173,-77.151705,70.55306428
38.95517,-77.151707,71.14100648
38.955167,-77.151709,71.72894868
38.955164,-77.15171,72.31689088
38.955161,-77.151712,72.90483308
38.955158,-77.151713,73.49277529
38.955154,-77.151715,74.08071749
38.955151,-77.151716,74.66865969
38.955148,-77.151718,75.25660189
38.955145,-77.151719,75.8445441
38.955141,-77.151721,76.4324863
38.955138,-77.151723,77.0204285
38.955135,-77.151724,77.6083707
38.955132,-77.151726,78.1963129
38.955129,-77.151727,78.78425511
38.955126,-77.151729,79.37219731
38.955123,-77.15173,79.96013951
38.95512,-77.151731,80.54808171
38.955116,-77.151733,81.13602392
38.955113,-77.151735,81.72396612
38.955109,-77.151736,82.31190832
38.955106,-77.151738,82.89985052
38.955103,-77.151739,83.48779273
38.9551,-77.15174,84.07573493
38.955097,-77.151742,84.66367713
38.955094,-77.151743,85.25161933
38.95509,-77.151745,85.83956153
38.955087,-77.151746,86.42750374
38.955083,-77.151747,87.01544594
38.95508,-77.151749,87.60338814
38.955077,-77.15175,88.19133034
38.955074,-77.151751,88.77927255
38.95507,-77.151753,89.36721475
38.955067,-77.151754,89.95515695
38.955063,-77.151755,90.54309915
38.95506,-77.151757,91.13104136
38.955057,-77.151758,91.71898356
38.955054,-77.151759,92.30692576
38.95505,-77.151761,92.89486796
38.955047,-77.151762,93.48281016
38.955044,-77.151763,94.07075237
38.95504,-77.151764,94.65869457
38.955037,-77.151766,95.24663677
38.955033,-77.151767,95.83457897
38.95503,-77.151769,96.42252118
38.955027,-77.15177,97.01046338
38.955023,-77.151771,97.59840558
38.95502,-77.151772,98.18634778
38.955017,-77.151774,98.77428999
38.955013,-77.151775,99.36223219
38.955009,-77.151777,99.95017439
38.955006,-77.151778,100.5381166
38.955003,-77.151779,101.1260588
38.954999,-77.151781,101.714001
38.954996,-77.151782,102.3019432
38.954993,-77.151783,102.8898854
38.954989,-77.151784,103.4778276
38.954985,-77.151786,104.0657698
38.954982,-77.151787,104.653712
38.954978,-77.151789,105.2416542
38.954975,-77.15179,105.8295964
38.954972,-77.151791,106.4175386
38.954968,-77.151792,107.0054808
38.954965,-77.151794,107.593423
38.954961,-77.151795,108.1813652
38.954957,-77.151796,108.7693074
38.954954,-77.151798,109.3572496
38.95495,-77.151799,109.9451918
38.954947,-77.1518,110.533134
38.954943,-77.151801,111.1210762
38.95494,-77.151803,111.7090184
38.954936,-77.151804,112.2969606
38.954933,-77.151805,112.8849028
38.954928,-77.151807,113.472845
38.954925,-77.151808,114.0607872
38.954921,-77.151809,114.6487294
38.954918,-77.151811,115.2366716
38.954914,-77.151812,115.8246139
38.95491,-77.151813,116.4125561
38.954907,-77.151814,117.0004983
38.954903,-77.151816,117.5884405
38.954899,-77.151817,118.1763827
38.954895,-77.151818,118.7643249
38.954891,-77.15182,119.3522671
38.954888,-77.151821,119.9402093
38.954884,-77.151822,120.5281515
38.95488,-77.151823,121.1160937
38.954877,-77.151825,121.7040359
38.954873,-77.151826,122.2919781
38.954869,-77.151827,122.8799203
38.954865,-77.151829,123.4678625
38.954861,-77.15183,124.0558047
38.954857,-77.151831,124.6437469
38.954853,-77.151832,125.2316891
38.95485,-77.151834,125.8196313
38.954846,-77.151835,126.4075735
38.954842,-77.151836,126.9955157
38.954838,-77.151838,127.5834579
38.954834,-77.151839,128.1714001
38.95483,-77.15184,128.7593423
38.954826,-77.151842,129.3472845
38.954822,-77.151843,129.9352267
38.954818,-77.151844,130.5231689
38.954815,-77.151845,131.1111111
38.954811,-77.151847,131.6990533
38.954806,-77.151848,132.2869955
38.954802,-77.151849,132.8749377
38.954798,-77.151851,133.4628799
38.954794,-77.151852,134.0508221
38.954791,-77.151853,134.6387643
38.954787,-77.151854,135.2267065
38.954783,-77.151856,135.8146487
38.954778,-77.151857,136.4025909
38.954774,-77.151858,136.9905331
38.95477,-77.15186,137.5784753
38.954766,-77.151861,138.1664175
38.954762,-77.151862,138.7543597
38.954758,-77.151863,139.3423019
38.954754,-77.151865,139.9302441
38.95475,-77.151866,140.5181863
38.954746,-77.151867,141.1061286
38.954742,-77.151869,141.6940708
38.954738,-77.15187,142.282013
38.954734,-77.151871,142.8699552
38.95473,-77.151872,143.4578974
38.954726,-77.151874,144.0458396
38.954722,-77.151875,144.6337818
38.954718,-77.151876,145.221724
38.954713,-77.151878,145.8096662
38.954709,-77.151879,146.3976084
38.954705,-77.15188,146.9855506
38.954701,-77.151881,147.5734928
38.954697,-77.151882,148.161435
38.954692,-77.151884,148.7493772
38.954688,-77.151885,149.3373194
38.954684,-77.151886,149.9252616
38.954679,-77.151887,150.5132038
38.954675,-77.151888,151.101146
38.954671,-77.15189,151.6890882
38.954667,-77.151891,152.2770304
38.954663,-77.151892,152.8649726
38.954659,-77.151893,153.4529148
38.954654,-77.151894,154.040857
38.95465,-77.151895,154.6287992
38.954645,-77.151896,155.2167414
38.954641,-77.151898,155.8046836
38.954637,-77.151899,156.3926258
38.954633,-77.1519,156.980568
38.954629,-77.151901,157.5685102
38.954624,-77.151902,158.1564524
38.95462,-77.151903,158.7443946
38.954616,-77.151904,159.3323368
38.954611,-77.151905,159.920279
38.954607,-77.151906,160.5082212
38.954602,-77.151907,161.0961634
38.954598,-77.151908,161.6841056
38.954594,-77.151909,162.2720478
38.95459,-77.15191,162.85999
38.954586,-77.151911,163.4479322
38.954581,-77.151912,164.0358744
38.954576,-77.151914,164.6238166
38.954572,-77.151915,165.2117588
38.954568,-77.151916,165.799701
38.954563,-77.151917,166.3876432
38.954559,-77.151918,166.9755855
38.954555,-77.151919,167.5635277
38.954551,-77.15192,168.1514699
38.954546,-77.151921,168.7394121
38.954541,-77.151922,169.3273543
38.954537,-77.151923,169.9152965
38.954533,-77.151924,170.5032387
38.954528,-77.151925,171.0911809
38.954524,-77.151926,171.6791231
38.95452,-77.151927,172.2670653
38.954516,-77.151928,172.8550075
38.954511,-77.151929,173.4429497
38.954506,-77.15193,174.0308919
38.954502,-77.151931,174.6188341
38.954498,-77.151932,175.2067763
38.954493,-77.151933,175.7947185
38.954489,-77.151934,176.3826607
38.954485,-77.151935,176.9706029
38.95448,-77.151936,177.5585451
38.954475,-77.151937,178.1464873
38.954471,-77.151938,178.7344295
38.954467,-77.151939,179.3223717
38.954462,-77.15194,179.9103139
38.954458,-77.151941,180.4982561
38.954454,-77.151941,181.0861983
38.954449,-77.151942,181.6741405
38.954445,-77.151943,182.2620827
38.95444,-77.151944,182.8500249
38.954435,-77.151945,183.4379671
38.954431,-77.151946,184.0259093
38.954427,-77.151947,184.6138515
38.954423,-77.151948,185.2017937
38.954418,-77.151949,185.7897359
38.954414,-77.15195,186.3776781
38.95441,-77.151951,186.9656203
38.954404,-77.151952,187.5535625
38.9544,-77.151953,188.1415047
38.954396,-77.151954,188.7294469
38.954391,-77.151955,189.3173891
38.954387,-77.151956,189.9053313
38.954383,-77.151957,190.4932735
38.954378,-77.151958,191.0812157
38.954374,-77.151958,191.6691579
38.954369,-77.15196,192.2571001
38.954364,-77.15196,192.8450424
38.95436,-77.151961,193.4329846
38.954356,-77.151962,194.0209268
38.954352,-77.151963,194.608869
38.954347,-77.151964,195.1968112
38.954343,-77.151965,195.7847534
38.954339,-77.151966,196.3726956
38.954334,-77.151967,196.9606378
38.954329,-77.151968,197.54858
38.954325,-77.151968,198.1365222
38.954321,-77.151969,198.7244644
38.954316,-77.15197,199.3124066
38.954312,-77.151971,199.9003488
38.954308,-77.151972,200.488291
38.954303,-77.151973,201.0762332
38.954298,-77.151973,201.6641754
38.954294,-77.151974,202.2521176
38.95429,-77.151975,202.8400598
38.954285,-77.151976,203.428002
38.954281,-77.151977,204.0159442
38.954277,-77.151978,204.6038864
38.954272,-77.151978,205.1918286
38.954267,-77.151979,205.7797708
38.954263,-77.15198,206.367713
38.954259,-77.151981,206.9556552
38.954254,-77.151982,207.5435974
38.95425,-77.151983,208.1315396
38.954246,-77.151984,208.7194818
38.954241,-77.151984,209.307424
38.954237,-77.151985,209.8953662
38.954232,-77.151986,210.4833084
38.954228,-77.151987,211.0712506
38.954224,-77.151988,211.6591928
38.954219,-77.151989,212.247135
38.954215,-77.151989,212.8350772
38.954211,-77.15199,213.4230194
38.954206,-77.151991,214.0109616
38.954202,-77.151992,214.5989038
38.954197,-77.151993,215.186846
38.954193,-77.151994,215.7747882
38.954188,-77.151995,216.3627304
38.954184,-77.151995,216.9506726
38.95418,-77.151996,217.5386148
38.954175,-77.151997,218.1265571
38.954171,-77.151998,218.7144993
38.954166,-77.151998,219.3024415
38.954161,-77.151999,219.8903837
38.954157,-77.152,220.4783259
38.954152,-77.152001,221.0662681
38.954148,-77.152002,221.6542103
38.954144,-77.152002,222.2421525
38.954139,-77.152003,222.8300947
38.954135,-77.152004,223.4180369
38.95413,-77.152005,224.0059791
38.954125,-77.152006,224.5939213
38.954121,-77.152007,225.1818635
38.954116,-77.152007,225.7698057
38.954112,-77.152008,226.3577479
38.954108,-77.152009,226.9456901
38.954103,-77.15201,227.5336323
38.954099,-77.15201,228.1215745
38.954094,-77.152011,228.7095167
38.954089,-77.152012,229.2974589
38.954085,-77.152013,229.8854011
38.95408,-77.152014,230.4733433
38.954076,-77.152014,231.0612855
38.954071,-77.152015,231.6492277
38.954067,-77.152016,232.2371699
38.954062,-77.152016,232.8251121
38.954058,-77.152017,233.4130543
38.954052,-77.152018,234.0009965
38.954048,-77.152019,234.5889387
38.954043,-77.15202,235.1768809
38.954039,-77.15202,235.7648231
38.954035,-77.152021,236.3527653
38.95403,-77.152022,236.9407075
38.954026,-77.152023,237.5286497
38.954021,-77.152023,238.1165919
38.954016,-77.152024,238.7045341
38.954011,-77.152025,239.2924763
38.954007,-77.152025,239.8804185
38.954002,-77.152026,240.4683607
38.953997,-77.152027,241.0563029
38.953993,-77.152027,241.6442451
38.953988,-77.152028,242.2321873
38.953983,-77.152029,242.8201295
38.953978,-77.152029,243.4080717
38.953974,-77.15203,243.996014
38.953969,-77.152031,244.5839562
38.953965,-77.152031,245.1718984
38.95396,-77.152032,245.7598406
38.953955,-77.152033,246.3477828
38.953951,-77.152033,246.935725
38.953945,-77.152034,247.5236672
38.953941,-77.152035,248.1116094
38.953936,-77.152035,248.6995516
38.953931,-77.152036,249.2874938
38.953927,-77.152037,249.875436
38.953922,-77.152037,250.4633782
38.953918,-77.152038,251.0513204
38.953913,-77.152039,251.6392626
38.953907,-77.152039,252.2272048
38.953903,-77.15204,252.815147
38.953898,-77.152041,253.4030892
38.953893,-77.152041,253.9910314
38.953889,-77.152042,254.5789736
38.953884,-77.152042,255.1669158
38.953879,-77.152043,255.754858
38.953874,-77.152044,256.3428002
38.953869,-77.152044,256.9307424
38.953864,-77.152045,257.5186846
38.953859,-77.152046,258.1066268
38.953855,-77.152046,258.694569
38.95385,-77.152047,259.2825112
38.953845,-77.152047,259.8704534
38.95384,-77.152048,260.4583956
38.953836,-77.152049,261.0463378
38.95383,-77.152049,261.63428
38.953825,-77.15205,262.2222222
38.95382,-77.15205,262.8101644
38.953815,-77.152051,263.3981066
38.953811,-77.152051,263.9860488
38.953806,-77.152052,264.573991
38.953801,-77.152053,265.1619332
38.953796,-77.152053,265.7498754
38.95379,-77.152054,266.3378176
38.953786,-77.152054,266.9257598
38.953781,-77.152055,267.513702
38.953776,-77.152055,268.1016442
38.953771,-77.152056,268.6895864
38.953766,-77.152056,269.2775286
38.953762,-77.152056,269.8654709
38.953757,-77.152057,270.4534131
38.953751,-77.152057,271.0413553
38.953746,-77.152058,271.6292975
38.953741,-77.152058,272.2172397
38.953736,-77.152058,272.8051819
38.953732,-77.152059,273.3931241
38.953727,-77.152059,273.9810663
38.953722,-77.15206,274.5690085
38.953716,-77.15206,275.1569507
38.953711,-77.15206,275.7448929
38.953706,-77.152061,276.3328351
38.953702,-77.152061,276.9207773
38.953697,-77.152061,277.5087195
38.953692,-77.152062,278.0966617
38.953687,-77.152062,278.6846039
38.953682,-77.152062,279.2725461
38.953676,-77.152063,279.8604883
38.953671,-77.152063,280.4484305
38.953667,-77.152063,281.0363727
38.953662,-77.152063,281.6243149
38.953657,-77.152064,282.2122571
38.953652,-77.152064,282.8001993
38.953647,-77.152064,283.3881415
38.953642,-77.152064,283.9760837
38.953636,-77.152064,284.5640259
38.953632,-77.152064,285.1519681
38.953627,-77.152065,285.7399103
38.953622,-77.152065,286.3278525
38.953617,-77.152065,286.9157947
38.953612,-77.152065,287.5037369
38.953607,-77.152065,288.0916791
38.953602,-77.152065,288.6796213
38.953596,-77.152065,289.2675635
38.953591,-77.152066,289.8555057
38.953586,-77.152066,290.4434479
38.953581,-77.152066,291.0313901
38.953576,-77.152066,291.6193323
38.953571,-77.152066,292.2072745
38.953566,-77.152066,292.7952167
38.953561,-77.152066,293.3831589
38.953555,-77.152066,293.9711011
38.95355,-77.152066,294.5590433
38.953545,-77.152066,295.1469856
38.95354,-77.152067,295.7349278
38.953535,-77.152067,296.32287
38.95353,-77.152067,296.9108122
38.953525,-77.152067,297.4987544
38.95352,-77.152067,298.0866966
38.953514,-77.152067,298.6746388
38.953509,-77.152067,299.262581
38.953504,-77.152067,299.8505232
38.953499,-77.152067,300.4384654
38.953494,-77.152067,301.0264076
38.953489,-77.152067,301.6143498
38.953484,-77.152067,302.202292
38.953478,-77.152067,302.7902342
38.953472,-77.152068,303.3781764
38.953467,-77.152068,303.9661186
38.953462,-77.152068,304.5540608
38.953457,-77.152068,305.142003
38.953452,-77.152068,305.7299452
38.953447,-77.152067,306.3178874
38.953442,-77.152067,306.9058296
38.953437,-77.152067,307.4937718
38.953431,-77.152067,308.081714
38.953426,-77.152067,308.6696562
38.953421,-77.152067,309.2575984
38.953416,-77.152067,309.8455406
38.953411,-77.152067,310.4334828
38.953406,-77.152067,311.021425
38.9534,-77.152067,311.6093672
38.953395,-77.152067,312.1973094
38.953389,-77.152067,312.7852516
38.953384,-77.152067,313.3731938
38.953379,-77.152067,313.961136
38.953374,-77.152067,314.5490782
38.953369,-77.152067,315.1370204
38.953364,-77.152067,315.7249626
38.953359,-77.152067,316.3129048
38.953353,-77.152067,316.900847
38.953348,-77.152067,317.4887892
38.953343,-77.152067,318.0767314
38.953338,-77.152067,318.6646736
38.953333,-77.152066,319.2526158
38.953328,-77.152066,319.840558
38.953323,-77.152066,320.4285002
38.953318,-77.152066,321.0164425
38.953312,-77.152066,321.6043847
38.953307,-77.152066,322.1923269
38.953302,-77.152066,322.7802691
38.953297,-77.152066,323.3682113
38.953292,-77.152066,323.9561535
38.953287,-77.152066,324.5440957
38.953282,-77.152066,325.1320379
38.953277,-77.152066,325.7199801
38.953271,-77.152066,326.3079223
38.953266,-77.152066,326.8958645
38.953261,-77.152066,327.4838067
38.953256,-77.152066,328.0717489
38.953251,-77.152065,328.6596911
38.953246,-77.152065,329.2476333
38.953241,-77.152065,329.8355755
38.953236,-77.152065,330.4235177
38.95323,-77.152065,331.0114599
38.953225,-77.152065,331.5994021
38.95322,-77.152065,332.1873443
38.953215,-77.152065,332.7752865
38.95321,-77.152065,333.3632287
38.953205,-77.152065,333.9511709
38.9532,-77.152065,334.5391131
38.953195,-77.152065,335.1270553
38.953189,-77.152064,335.7149975
38.953184,-77.152064,336.3029397
38.953179,-77.152064,336.8908819
38.953174,-77.152064,337.4788241
38.953169,-77.152064,338.0667663
38.953164,-77.152064,338.6547085
38.953159,-77.152064,339.2426507
38.953154,-77.152064,339.8305929
38.953148,-77.152063,340.4185351
38.953143,-77.152063,341.0064773
38.953138,-77.152063,341.5944195
38.953133,-77.152063,342.1823617
38.953128,-77.152063,342.7703039
38.953123,-77.152062,343.3582461
38.953118,-77.152062,343.9461883
38.953112,-77.152062,344.5341305
38.953107,-77.152062,345.1220727
38.953102,-77.152062,345.7100149
38.953097,-77.152061,346.2979571
38.953092,-77.152061,346.8858994
38.953087,-77.152061,347.4738416
38.953082,-77.152061,348.0617838
38.953077,-77.15206,348.649726
38.953071,-77.15206,349.2376682
38.953066,-77.15206,349.8256104
38.953061,-77.15206,350.4135526
38.953056,-77.152059,351.0014948
38.953051,-77.152059,351.589437
38.953046,-77.152059,352.1773792
38.953041,-77.152059,352.7653214
38.953036,-77.152058,353.3532636
38.95303,-77.152058,353.9412058
38.953025,-77.152058,354.529148
38.95302,-77.152057,355.1170902
38.953015,-77.152057,355.7050324
38.95301,-77.152057,356.2929746
38.953005,-77.152057,356.8809168
38.953,-77.152056,357.468859
38.952995,-77.152056,358.0568012
38.952989,-77.152055,358.6447434
38.952984,-77.152055,359.2326856
38.952979,-77.152055,359.8206278
38.952974,-77.152054,360.40857
38.952969,-77.152054,360.9965122
38.952964,-77.152054,361.5844544
38.952959,-77.152053,362.1723966
38.952954,-77.152053,362.7603388
38.952948,-77.152052,363.348281
38.952943,-77.152052,363.9362232
38.952938,-77.152051,364.5241654
38.952933,-77.152051,365.1121076
38.952928,-77.152051,365.7000498
38.952923,-77.15205,366.287992
38.952918,-77.15205,366.8759342
38.952913,-77.152049,367.4638764
38.952907,-77.152049,368.0518186
38.952902,-77.152048,368.6397608
38.952896,-77.152048,369.227703
38.952891,-77.152047,369.8156452
38.952886,-77.152047,370.4035874
38.952881,-77.152046,370.9915296
38.952876,-77.152045,371.5794718
38.952871,-77.152045,372.1674141
38.952865,-77.152044,372.7553563
38.95286,-77.152044,373.3432985
38.952855,-77.152043,373.9312407
38.95285,-77.152042,374.5191829
38.952845,-77.152042,375.1071251
38.952839,-77.152041,375.6950673
38.952834,-77.152041,376.2830095
38.952829,-77.15204,376.8709517
38.952823,-77.152039,377.4588939
38.952818,-77.152039,378.0468361
38.952813,-77.152038,378.6347783
38.952807,-77.152037,379.2227205
38.952802,-77.152037,379.8106627
38.952797,-77.152036,380.3986049
38.952792,-77.152035,380.9865471
38.952786,-77.152034,381.5744893
38.952781,-77.152034,382.1624315
38.952775,-77.152033,382.7503737
38.95277,-77.152032,383.3383159
38.952765,-77.152032,383.9262581
38.95276,-77.152031,384.5142003
38.952755,-77.15203,385.1021425
38.95275,-77.15203,385.6900847
38.952744,-77.152029,386.2780269
38.952739,-77.152028,386.8659691
38.952734,-77.152027,387.4539113
38.952728,-77.152026,388.0418535
38.952723,-77.152026,388.6297957
38.952718,-77.152025,389.2177379
38.952713,-77.152024,389.8056801
38.952708,-77.152023,390.3936223
38.952702,-77.152022,390.9815645
38.952697,-77.152021,391.5695067
38.952692,-77.152021,392.1574489
38.952687,-77.15202,392.7453911
38.952682,-77.152019,393.3333333
38.952677,-77.152018,393.9212755
38.952672,-77.152017,394.5092177
38.952667,-77.152016,395.0971599
38.952661,-77.152015,395.6851021
38.952656,-77.152014,396.2730443
38.952651,-77.152013,396.8609865
38.952646,-77.152013,397.4489287
38.952642,-77.152012,398.036871
38.952637,-77.152011,398.6248132
38.952632,-77.15201,399.2127554
38.952627,-77.152009,399.8006976
38.952621,-77.152008,400.3886398
38.952616,-77.152007,400.976582
38.952612,-77.152006,401.5645242
38.952607,-77.152005,402.1524664
38.952602,-77.152004,402.7404086
38.952597,-77.152003,403.3283508
38.952592,-77.152002,403.916293
38.952587,-77.152001,404.5042352
38.952582,-77.152,405.0921774
38.952577,-77.151999,405.6801196
38.952572,-77.151997,406.2680618
38.952567,-77.151996,406.856004
38.952562,-77.151995,407.4439462
38.952558,-77.151994,408.0318884
38.952553,-77.151993,408.6198306
38.952548,-77.151992,409.2077728
38.952542,-77.151991,409.795715
38.952537,-77.15199,410.3836572
38.952532,-77.151989,410.9715994
38.952528,-77.151988,411.5595416
38.952523,-77.151987,412.1474838
38.952518,-77.151985,412.735426
38.952513,-77.151984,413.3233682
38.952508,-77.151983,413.9113104
38.952502,-77.151982,414.4992526
38.952498,-77.151981,415.0871948
38.952493,-77.15198,415.675137
38.952488,-77.151978,416.2630792
38.952483,-77.151977,416.8510214
38.952478,-77.151976,417.4389636
38.952473,-77.151975,418.0269058
38.952467,-77.151974,418.614848
38.952462,-77.151972,419.2027902
38.952458,-77.151971,419.7907324
38.952453,-77.15197,420.3786746
38.952448,-77.151969,420.9666168
38.952443,-77.151968,421.554559
38.952438,-77.151967,422.1425012
38.952433,-77.151966,422.7304434
38.952427,-77.151964,423.3183857
38.952422,-77.151963,423.9063279
38.952417,-77.151962,424.4942701
38.952412,-77.151961,425.0822123
38.952408,-77.151959,425.6701545
38.952403,-77.151958,426.2580967
38.952398,-77.151957,426.8460389
38.952393,-77.151956,427.4339811
38.952387,-77.151954,428.0219233
38.952382,-77.151953,428.6098655
38.952377,-77.151952,429.1978077
38.952372,-77.151951,429.7857499
38.952367,-77.151949,430.3736921
38.952362,-77.151948,430.9616343
38.952357,-77.151947,431.5495765
38.952352,-77.151946,432.1375187
38.952346,-77.151944,432.7254609
38.952341,-77.151943,433.3134031
38.952336,-77.151942,433.9013453
38.952331,-77.15194,434.4892875
38.952326,-77.151939,435.0772297
38.952321,-77.151937,435.6651719
38.952316,-77.151936,436.2531141
38.952311,-77.151935,436.8410563
38.952305,-77.151933,437.4289985
38.952299,-77.151931,438.0169407
38.952294,-77.15193,438.6048829
38.952289,-77.151928,439.1928251
38.952284,-77.151927,439.7807673
38.952279,-77.151925,440.3687095
38.952273,-77.151924,440.9566517
38.952268,-77.151922,441.5445939
38.952262,-77.15192,442.1325361
38.952257,-77.151919,442.7204783
38.952252,-77.151917,443.3084205
38.952247,-77.151916,443.8963627
38.952241,-77.151914,444.4843049
38.952236,-77.151912,445.0722471
38.952231,-77.151911,445.6601893
38.952226,-77.151909,446.2481315
38.95222,-77.151907,446.8360737
38.952215,-77.151906,447.4240159
38.95221,-77.151904,448.0119581
38.952204,-77.151902,448.5999003
38.952199,-77.151901,449.1878426
38.952194,-77.151899,449.7757848
38.952189,-77.151897,450.363727
38.952183,-77.151895,450.9516692
38.952178,-77.151894,451.5396114
38.952172,-77.151892,452.1275536
38.952167,-77.15189,452.7154958
38.952162,-77.151889,453.303438
38.952157,-77.151887,453.8913802
38.952152,-77.151885,454.4793224
38.952147,-77.151883,455.0672646
38.952141,-77.151881,455.6552068
38.952135,-77.151879,456.243149
38.95213,-77.151878,456.8310912
38.952125,-77.151876,457.4190334
38.95212,-77.151874,458.0069756
38.952115,-77.151872,458.5949178
38.95211,-77.15187,459.18286
38.952105,-77.151869,459.7708022
38.952098,-77.151866,460.3587444
38.952093,-77.151865,460.9466866
38.952088,-77.151863,461.5346288
38.952083,-77.151861,462.122571
38.952078,-77.151859,462.7105132
38.952073,-77.151857,463.2984554
38.952068,-77.151855,463.8863976
38.952062,-77.151853,464.4743398
38.952056,-77.151851,465.062282
38.952051,-77.151849,465.6502242
38.952046,-77.151847,466.2381664
38.952041,-77.151845,466.8261086
38.952036,-77.151843,467.4140508
38.952031,-77.151841,468.001993
38.952026,-77.151839,468.5899352
38.95202,-77.151837,469.1778774
38.952014,-77.151834,469.7658196
38.952009,-77.151832,470.3537618
38.952004,-77.15183,470.941704
38.951999,-77.151828,471.5296462
38.951994,-77.151826,472.1175884
38.951989,-77.151824,472.7055306
38.951984,-77.151822,473.2934728
38.951979,-77.15182,473.881415
38.951972,-77.151817,474.4693572
38.951967,-77.151815,475.0572995
38.951962,-77.151813,475.6452417
38.951957,-77.151811,476.2331839
38.951952,-77.151809,476.8211261
38.951947,-77.151807,477.4090683
38.951942,-77.151804,477.9970105
38.951937,-77.151802,478.5849527
38.951931,-77.151799,479.1728949
38.951926,-77.151797,479.7608371
38.951921,-77.151795,480.3487793
38.951916,-77.151793,480.9367215
38.951911,-77.15179,481.5246637
38.951906,-77.151788,482.1126059
38.951901,-77.151786,482.7005481
38.951896,-77.151784,483.2884903
38.95189,-77.151781,483.8764325
38.951885,-77.151778,484.4643747
38.95188,-77.151776,485.0523169
38.951875,-77.151774,485.6402591
38.95187,-77.151771,486.2282013
38.951865,-77.151769,486.8161435
38.95186,-77.151767,487.4040857
38.951854,-77.151764,487.9920279
38.951849,-77.151761,488.5799701
38.951844,-77.151759,489.1679123
38.951839,-77.151756,489.7558545
38.951834,-77.151754,490.3437967
38.951829,-77.151751,490.9317389
38.951824,-77.151749,491.5196811
38.951819,-77.151746,492.1076233
38.951813,-77.151743,492.6955655
38.951808,-77.151741,493.2835077
38.951803,-77.151738,493.8714499
38.951798,-77.151736,494.4593921
38.951793,-77.151733,495.0473343
38.951788,-77.15173,495.6352765
38.951783,-77.151728,496.2232187
38.951778,-77.151725,496.8111609
38.951772,-77.151722,497.3991031
38.951767,-77.151719,497.9870453
38.951762,-77.151717,498.5749875
38.951757,-77.151714,499.1629297
38.951752,-77.151711,499.7508719
38.951747,-77.151709,500.3388142
38.951742,-77.151706,500.9267564
38.951737,-77.151703,501.5146986
38.951731,-77.1517,502.1026408
38.951726,-77.151697,502.690583
38.951721,-77.151694,503.2785252
38.951716,-77.151692,503.8664674
38.951711,-77.151689,504.4544096
38.951706,-77.151686,505.0423518
38.951701,-77.151683,505.630294
38.951696,-77.15168,506.2182362
38.95169,-77.151677,506.8061784
38.951685,-77.151674,507.3941206
38.95168,-77.151671,507.9820628
38.951675,-77.151668,508.570005
38.95167,-77.151665,509.1579472
38.951665,-77.151662,509.7458894
38.95166,-77.151659,510.3338316
38.951655,-77.151656,510.9217738
38.951649,-77.151653,511.509716
38.951644,-77.15165,512.0976582
38.951639,-77.151647,512.6856004
38.951634,-77.151644,513.2735426
38.951629,-77.151641,513.8614848
38.951624,-77.151638,514.449427
38.951619,-77.151634,515.0373692
38.951614,-77.151631,515.6253114
38.951608,-77.151628,516.2132536
38.951603,-77.151625,516.8011958
38.951598,-77.151622,517.389138
38.951593,-77.151619,517.9770802
38.951588,-77.151616,518.5650224
38.951583,-77.151613,519.1529646
38.951578,-77.15161,519.7409068
38.951574,-77.151607,520.328849
38.951568,-77.151603,520.9167912
38.951563,-77.1516,521.5047334
38.951558,-77.151597,522.0926756
38.951553,-77.151594,522.6806178
38.951548,-77.151591,523.26856
38.951543,-77.151587,523.8565022
38.951538,-77.151584,524.4444444
38.951533,-77.151581,525.0323866
38.951528,-77.151577,525.6203288
38.951523,-77.151574,526.2082711
38.951518,-77.151571,526.7962133
38.951513,-77.151568,527.3841555
38.951508,-77.151565,527.9720977
38.951504,-77.151562,528.5600399
38.951499,-77.151558,529.1479821
38.951493,-77.151555,529.7359243
38.951488,-77.151551,530.3238665
38.951483,-77.151548,530.9118087
38.951479,-77.151545,531.4997509
38.951474,-77.151542,532.0876931
38.951469,-77.151538,532.6756353
38.951464,-77.151535,533.2635775
38.951459,-77.151532,533.8515197
38.951454,-77.151528,534.4394619
38.951449,-77.151525,535.0274041
38.951444,-77.151522,535.6153463
38.951439,-77.151518,536.2032885
38.951434,-77.151515,536.7912307
38.95143,-77.151512,537.3791729
38.951425,-77.151508,537.9671151
38.95142,-77.151505,538.5550573
38.951414,-77.151501,539.1429995
38.95141,-77.151498,539.7309417
38.951405,-77.151495,540.3188839
38.9514,-77.151491,540.9068261
38.951395,-77.151488,541.4947683
38.95139,-77.151485,542.0827105
38.951386,-77.151481,542.6706527
38.951381,-77.151478,543.2585949
38.951375,-77.151474,543.8465371
38.95137,-77.15147,544.4344793
38.951366,-77.151467,545.0224215
38.951361,-77.151464,545.6103637
38.951356,-77.15146,546.1983059
38.951351,-77.151457,546.7862481
38.951347,-77.151454,547.3741903
38.951342,-77.15145,547.9621325
38.951336,-77.151446,548.5500747
38.951331,-77.151443,549.1380169
38.951326,-77.15144,549.7259591
38.951322,-77.151436,550.3139013
38.951317,-77.151433,550.9018435
38.951312,-77.151429,551.4897857
38.951307,-77.151426,552.077728
38.951302,-77.151423,552.6656702
38.951297,-77.151419,553.2536124
38.951292,-77.151415,553.8415546
38.951287,-77.151412,554.4294968
38.951282,-77.151408,555.017439
38.951277,-77.151405,555.6053812
38.951273,-77.151402,556.1933234
38.951268,-77.151398,556.7812656
38.951262,-77.151394,557.3692078
38.951257,-77.151391,557.95715
38.951253,-77.151387,558.5450922
38.951248,-77.151384,559.1330344
38.951243,-77.15138,559.7209766
38.951238,-77.151377,560.3089188
38.951233,-77.151374,560.896861
38.951229,-77.15137,561.4848032
38.951223,-77.151366,562.0727454
38.951218,-77.151362,562.6606876
38.951213,-77.151359,563.2486298
38.951209,-77.151355,563.836572
38.951204,-77.151352,564.4245142
38.951199,-77.151348,565.0124564
38.951194,-77.151345,565.6003986
38.95119,-77.151341,566.1883408
38.951184,-77.151337,566.776283
38.951179,-77.151334,567.3642252
38.951175,-77.15133,567.9521674
38.95117,-77.151326,568.5401096
38.951165,-77.151323,569.1280518
38.95116,-77.151319,569.715994
38.951156,-77.151316,570.3039362
38.951151,-77.151312,570.8918784
38.951145,-77.151308,571.4798206
38.951141,-77.151304,572.0677628
38.951136,-77.1513,572.655705
38.951131,-77.151297,573.2436472
38.951127,-77.151293,573.8315894
38.951122,-77.15129,574.4195316
38.951117,-77.151286,575.0074738
38.951113,-77.151282,575.595416
38.951107,-77.151278,576.1833582
38.951102,-77.151274,576.7713004
38.951097,-77.15127,577.3592427
38.951093,-77.151267,577.9471849
38.951088,-77.151263,578.5351271
38.951083,-77.151259,579.1230693
38.951079,-77.151255,579.7110115
38.951074,-77.151252,580.2989537
38.951068,-77.151247,580.8868959
38.951064,-77.151244,581.4748381
38.951059,-77.15124,582.0627803
38.951054,-77.151237,582.6507225
38.95105,-77.151233,583.2386647
38.951045,-77.151229,583.8266069
38.95104,-77.151226,584.4145491
38.951036,-77.151222,585.0024913
38.95103,-77.151218,585.5904335
38.951025,-77.151214,586.1783757
38.951021,-77.151211,586.7663179
38.951016,-77.151207,587.3542601
38.951011,-77.151203,587.9422023
38.951006,-77.1512,588.5301445
38.951002,-77.151196,589.1180867
38.950997,-77.151192,589.7060289
38.950991,-77.151188,590.2939711
38.950987,-77.151184,590.8819133
38.950982,-77.151181,591.4698555
38.950977,-77.151177,592.0577977
38.950973,-77.151173,592.6457399
38.950968,-77.15117,593.2336821
38.950963,-77.151166,593.8216243
38.950958,-77.151162,594.4095665
38.950953,-77.151158,594.9975087
38.950948,-77.151154,595.5854509
38.950943,-77.151151,596.1733931
38.950939,-77.151147,596.7613353
38.950934,-77.151144,597.3492775
38.950929,-77.15114,597.9372197
38.950924,-77.151136,598.5251619
38.950919,-77.151132,599.1131041
38.950914,-77.151128,599.7010463
38.950909,-77.151125,600.2889885
38.950905,-77.151121,600.8769307
38.9509,-77.151117,601.4648729
38.950895,-77.151114,602.0528151
38.95089,-77.15111,602.6407573
38.950886,-77.151106,603.2286996
38.95088,-77.151102,603.8166418
38.950875,-77.151098,604.404584
38.950871,-77.151095,604.9925262
38.950866,-77.151091,605.5804684
38.950861,-77.151087,606.1684106
38.950856,-77.151084,606.7563528
38.950852,-77.15108,607.344295
38.950847,-77.151077,607.9322372
38.950841,-77.151072,608.5201794
38.950837,-77.151069,609.1081216
38.950832,-77.151065,609.6960638
38.950827,-77.151061,610.284006
38.950822,-77.151058,610.8719482
38.950817,-77.151054,611.4598904
38.950813,-77.151051,612.0478326
38.950808,-77.151047,612.6357748
38.950802,-77.151043,613.223717
38.950797,-77.151039,613.8116592
38.950793,-77.151036,614.3996014
38.950788,-77.151032,614.9875436
38.950783,-77.151029,615.5754858
38.950778,-77.151025,616.163428
38.950773,-77.151021,616.7513702
38.950769,-77.151018,617.3393124
38.950763,-77.151014,617.9272546
38.950758,-77.15101,618.5151968
38.950753,-77.151007,619.103139
38.950748,-77.151003,619.6910812
38.950744,-77.150999,620.2790234
38.950739,-77.150996,620.8669656
38.950734,-77.150992,621.4549078
38.950729,-77.150989,622.04285
38.950723,-77.150985,622.6307922
38.950718,-77.150981,623.2187344
38.950714,-77.150978,623.8066766
38.950709,-77.150974,624.3946188
38.950704,-77.15097,624.982561
38.950699,-77.150967,625.5705032
38.950694,-77.150963,626.1584454
38.95069,-77.15096,626.7463876
38.950684,-77.150955,627.3343298
38.950679,-77.150952,627.922272
38.950674,-77.150948,628.5102143
38.95067,-77.150945,629.0981565
38.950665,-77.150941,629.6860987
38.95066,-77.150938,630.2740409
38.950655,-77.150934,630.8619831
38.950649,-77.15093,631.4499253
38.950645,-77.150926,632.0378675
38.95064,-77.150923,632.6258097
38.950635,-77.150919,633.2137519
38.95063,-77.150916,633.8016941
38.950625,-77.150912,634.3896363
38.95062,-77.150909,634.9775785
38.950615,-77.150905,635.5655207
38.95061,-77.150901,636.1534629
38.950605,-77.150898,636.7414051
38.9506,-77.150894,637.3293473
38.950595,-77.150891,637.9172895
38.95059,-77.150887,638.5052317
38.950585,-77.150884,639.0931739
38.95058,-77.150881,639.6811161
38.950575,-77.150877,640.2690583
38.950569,-77.150873,640.8570005
38.950564,-77.15087,641.4449427
38.95056,-77.150866,642.0328849
38.950555,-77.150863,642.6208271
38.95055,-77.150859,643.2087693
38.950545,-77.150856,643.7967115
38.95054,-77.150853,644.3846537
38.950535,-77.150849,644.9725959
38.950529,-77.150845,645.5605381
38.950524,-77.150842,646.1484803
38.950519,-77.150838,646.7364225
38.950514,-77.150835,647.3243647
38.950509,-77.150832,647.9123069
38.950504,-77.150828,648.5002491
38.950499,-77.150825,649.0881913
38.950494,-77.150822,649.6761335
38.950488,-77.150818,650.2640757
38.950483,-77.150814,650.8520179
38.950478,-77.150811,651.4399601
38.950473,-77.150808,652.0279023
38.950468,-77.150804,652.6158445
38.950462,-77.150801,653.2037867
38.950457,-77.150798,653.7917289
38.950452,-77.150794,654.3796712
38.950446,-77.150791,654.9676134
38.950441,-77.150787,655.5555556
38.950436,-77.150784,656.1434978
38.950431,-77.150781,656.73144
38.950426,-77.150777,657.3193822
38.950421,-77.150774,657.9073244
38.950416,-77.150771,658.4952666
38.950411,-77.150768,659.0832088
38.950404,-77.150764,659.671151
38.950399,-77.15076,660.2590932
38.950394,-77.150757,660.8470354
38.950389,-77.150754,661.4349776
38.950384,-77.150751,662.0229198
38.950378,-77.150748,662.610862
38.950373,-77.150744,663.1988042
38.950367,-77.150741,663.7867464
38.950362,-77.150737,664.3746886
38.950357,-77.150734,664.9626308
38.950352,-77.150731,665.550573
38.950346,-77.150728,666.1385152
38.950341,-77.150725,666.7264574
38.950336,-77.150721,667.3143996
38.950331,-77.150718,667.9023418
38.950325,-77.150715,668.490284
38.950319,-77.150711,669.0782262
38.950314,-77.150708,669.6661684
38.950309,-77.150705,670.2541106
38.950304,-77.150702,670.8420528
38.950298,-77.150699,671.429995
38.950293,-77.150696,672.0179372
38.950288,-77.150693,672.6058794
38.950282,-77.150689,673.1938216
38.950276,-77.150686,673.7817638
38.950271,-77.150683,674.369706
38.950266,-77.15068,674.9576482
38.950261,-77.150677,675.5455904
38.950255,-77.150674,676.1335326
38.95025,-77.150671,676.7214748
38.950245,-77.150668,677.309417
38.950239,-77.150664,677.8973592
38.950233,-77.150661,678.4853014
38.950228,-77.150658,679.0732436
38.950223,-77.150655,679.6611858
38.950218,-77.150652,680.2491281
38.950212,-77.150649,680.8370703
38.950207,-77.150646,681.4250125
38.950202,-77.150643,682.0129547
38.950196,-77.150639,682.6008969
38.95019,-77.150636,683.1888391
38.950185,-77.150633,683.7767813
38.95018,-77.15063,684.3647235
38.950175,-77.150627,684.9526657
38.950169,-77.150624,685.5406079
38.950164,-77.150621,686.1285501
38.950159,-77.150618,686.7164923
38.950152,-77.150615,687.3044345
38.950147,-77.150612,687.8923767
38.950142,-77.150609,688.4803189
38.950136,-77.150606,689.0682611
38.950131,-77.150603,689.6562033
38.950126,-77.1506,690.2441455
38.95012,-77.150597,690.8320877
38.950115,-77.150594,691.4200299
38.950109,-77.150591,692.0079721
38.950103,-77.150588,692.5959143
38.950098,-77.150585,693.1838565
38.950093,-77.150582,693.7717987
38.950087,-77.150579,694.3597409
38.950082,-77.150577,694.9476831
38.950077,-77.150574,695.5356253
38.950072,-77.150571,696.1235675
38.950065,-77.150567,696.7115097
38.95006,-77.150565,697.2994519
38.950055,-77.150562,697.8873941
38.95005,-77.150559,698.4753363
38.950044,-77.150556,699.0632785
38.950039,-77.150554,699.6512207
38.950034,-77.150551,700.2391629
38.950028,-77.150548,700.8271051
38.950022,-77.150545,701.4150473
38.950017,-77.150542,702.0029895
38.950012,-77.150539,702.5909317
38.950006,-77.150537,703.1788739
38.950001,-77.150534,703.7668161
38.949996,-77.150531,704.3547583
38.949991,-77.150529,704.9427005
38.949984,-77.150526,705.5306428
38.949979,-77.150523,706.118585
38.949974,-77.15052,706.7065272
38.949968,-77.150518,707.2944694
38.949963,-77.150515,707.8824116
38.949958,-77.150513,708.4703538
38.949952,-77.15051,709.058296
38.949947,-77.150508,709.6462382
38.949941,-77.150505,710.2341804
38.949935,-77.150502,710.8221226
38.94993,-77.1505,711.4100648
38.949925,-77.150497,711.998007
38.949919,-77.150495,712.5859492
38.949914,-77.150493,713.1738914
38.949909,-77.15049,713.7618336
38.949903,-77.150488,714.3497758
38.949897,-77.150485,714.937718
38.949891,-77.150483,715.5256602
38.949886,-77.15048,716.1136024
38.949881,-77.150478,716.7015446
38.949875,-77.150476,717.2894868
38.94987,-77.150474,717.877429
38.949865,-77.150472,718.4653712
38.949859,-77.150469,719.0533134
38.949853,-77.150467,719.6412556
38.949847,-77.150464,720.2291978
38.949841,-77.150462,720.81714
38.949836,-77.15046,721.4050822
38.94983,-77.150458,721.9930244
38.949825,-77.150456,722.5809666
38.949819,-77.150453,723.1689088
38.949813,-77.150451,723.756851
38.949807,-77.150449,724.3447932
38.949801,-77.150447,724.9327354
38.949796,-77.150445,725.5206776
38.94979,-77.150443,726.1086198
38.949785,-77.150441,726.696562
38.949779,-77.150439,727.2845042
38.949774,-77.150437,727.8724464
38.949768,-77.150435,728.4603886
38.949761,-77.150432,729.0483308
38.949756,-77.15043,729.636273
38.94975,-77.150429,730.2242152
38.949745,-77.150427,730.8121574
38.949739,-77.150425,731.4000997
38.949733,-77.150423,731.9880419
38.949728,-77.150421,732.5759841
38.949721,-77.150419,733.1639263
38.949716,-77.150417,733.7518685
38.94971,-77.150415,734.3398107
38.949704,-77.150413,734.9277529
38.949699,-77.150411,735.5156951
38.949693,-77.150409,736.1036373
38.949688,-77.150407,736.6915795
38.949682,-77.150406,737.2795217
38.949675,-77.150403,737.8674639
38.94967,-77.150402,738.4554061
38.949664,-77.1504,739.0433483
38.949658,-77.150398,739.6312905
38.949653,-77.150396,740.2192327
38.949647,-77.150394,740.8071749
38.949641,-77.150392,741.3951171
38.949636,-77.150391,741.9830593
38.949629,-77.150388,742.5710015
38.949623,-77.150387,743.1589437
38.949617,-77.150385,743.7468859
38.949612,-77.150383,744.3348281
38.949606,-77.150381,744.9227703
38.9496,-77.150379,745.5107125
38.949595,-77.150378,746.0986547
38.949589,-77.150376,746.6865969
38.949582,-77.150374,747.2745391
38.949576,-77.150372,747.8624813
38.94957,-77.15037,748.4504235
38.949565,-77.150369,749.0383657
38.949559,-77.150367,749.6263079
38.949553,-77.150365,750.2142501
38.949547,-77.150364,750.8021923
38.949542,-77.150362,751.3901345
38.949535,-77.150359,751.9780767
38.949529,-77.150358,752.5660189
38.949523,-77.150356,753.1539611
38.949517,-77.150354,753.7419033
38.949511,-77.150352,754.3298455
38.949505,-77.15035,754.9177877
38.949499,-77.150348,755.5057299
38.949493,-77.150346,756.0936721
38.949486,-77.150344,756.6816143
38.94948,-77.150342,757.2695566
38.949474,-77.150341,757.8574988
38.949469,-77.150339,758.445441
38.949463,-77.150337,759.0333832
38.949457,-77.150335,759.6213254
38.949451,-77.150334,760.2092676
38.949445,-77.150332,760.7972098
38.949438,-77.15033,761.385152
38.949432,-77.150328,761.9730942
38.949426,-77.150326,762.5610364
38.949421,-77.150325,763.1489786
38.949415,-77.150323,763.7369208
38.949409,-77.150321,764.324863
38.949403,-77.15032,764.9128052
38.949397,-77.150318,765.5007474
38.94939,-77.150316,766.0886896
38.949384,-77.150314,766.6766318
38.949378,-77.150313,767.264574
38.949373,-77.150311,767.8525162
38.949367,-77.15031,768.4404584
38.949361,-77.150308,769.0284006
38.949355,-77.150307,769.6163428
38.949348,-77.150305,770.204285
38.949343,-77.150304,770.7922272
38.949337,-77.150302,771.3801694
38.949331,-77.150301,771.9681116
38.949325,-77.1503,772.5560538
38.94932,-77.150298,773.143996
38.949314,-77.150297,773.7319382
38.949308,-77.150295,774.3198804
38.949301,-77.150294,774.9078226
38.949296,-77.150292,775.4957648
38.94929,-77.150291,776.083707
38.949284,-77.15029,776.6716492
38.949278,-77.150288,777.2595914
38.949272,-77.150287,777.8475336
38.949267,-77.150286,778.4354758
38.949261,-77.150284,779.023418
38.949254,-77.150283,779.6113602
38.949248,-77.150282,780.1993024
38.949243,-77.15028,780.7872446
38.949237,-77.150279,781.3751868
38.949231,-77.150278,781.963129
38.949225,-77.150276,782.5510713
38.94922,-77.150275,783.1390135
38.949214,-77.150274,783.7269557
38.949207,-77.150272,784.3148979
38.949201,-77.150271,784.9028401
38.949196,-77.15027,785.4907823
38.94919,-77.150269,786.0787245
38.949184,-77.150268,786.6666667
38.949178,-77.150267,787.2546089
38.949173,-77.150266,787.8425511
38.949167,-77.150264,788.4304933
38.94916,-77.150263,789.0184355
38.949154,-77.150262,789.6063777
38.949149,-77.150261,790.1943199
38.949143,-77.15026,790.7822621
38.949137,-77.150259,791.3702043
38.949131,-77.150258,791.9581465
38.949126,-77.150256,792.5460887
38.94912,-77.150255,793.1340309
38.949113,-77.150254,793.7219731
38.949107,-77.150253,794.3099153
38.949102,-77.150252,794.8978575
38.949096,-77.150251,795.4857997
38.94909,-77.15025,796.0737419
38.949084,-77.150249,796.6616841
38.949079,-77.150248,797.2496263
38.949073,-77.150247,797.8375685
38.949066,-77.150246,798.4255107
38.94906,-77.150245,799.0134529
38.949054,-77.150244,799.6013951
38.949049,-77.150243,800.1893373
38.949043,-77.150242,800.7772795
38.949037,-77.150241,801.3652217
38.949032,-77.150241,801.9531639
38.949026,-77.15024,802.5411061
38.949019,-77.150239,803.1290483
38.949013,-77.150238,803.7169905
38.949008,-77.150237,804.3049327
38.949002,-77.150236,804.8928749
38.948996,-77.150236,805.4808171
38.948991,-77.150235,806.0687593
38.948985,-77.150234,806.6567015
38.948978,-77.150233,807.2446437
38.948972,-77.150233,807.8325859
38.948967,-77.150232,808.4205282
38.948961,-77.150231,809.0084704
38.948955,-77.15023,809.5964126
38.948949,-77.15023,810.1843548
38.948944,-77.150229,810.772297
38.948938,-77.150228,811.3602392
38.948931,-77.150228,811.9481814
38.948925,-77.150227,812.5361236
38.94892,-77.150226,813.1240658
38.948914,-77.150226,813.712008
38.948908,-77.150225,814.2999502
38.948902,-77.150225,814.8878924
38.948896,-77.150224,815.4758346
38.948891,-77.150223,816.0637768
38.948884,-77.150222,816.651719
38.948878,-77.150221,817.2396612
38.948872,-77.150221,817.8276034
38.948866,-77.15022,818.4155456
38.94886,-77.150219,819.0034878
38.948854,-77.150219,819.59143
38.948849,-77.150218,820.1793722
38.948843,-77.150218,820.7673144
38.948836,-77.150217,821.3552566
38.94883,-77.150217,821.9431988
38.948824,-77.150217,822.531141
38.948819,-77.150216,823.1190832
38.948813,-77.150216,823.7070254
38.948807,-77.150215,824.2949676
38.948801,-77.150215,824.8829098
38.948796,-77.150214,825.470852
38.948789,-77.150214,826.0587942
38.948783,-77.150214,826.6467364
38.948777,-77.150213,827.2346786
38.948771,-77.150213,827.8226208
38.948766,-77.150213,828.410563
38.94876,-77.150212,828.9985052
38.948754,-77.150212,829.5864474
38.948748,-77.150212,830.1743896
38.948741,-77.150211,830.7623318
38.948736,-77.150211,831.350274
38.94873,-77.150211,831.9382162
38.948724,-77.150211,832.5261584
38.948718,-77.15021,833.1141006
38.948713,-77.15021,833.7020429
38.948707,-77.15021,834.2899851
38.948701,-77.15021,834.8779273
38.948694,-77.15021,835.4658695
38.948688,-77.15021,836.0538117
38.948683,-77.150209,836.6417539
38.948677,-77.150209,837.2296961
38.948671,-77.150209,837.8176383
38.948665,-77.150209,838.4055805
38.948659,-77.150209,838.9935227
38.948654,-77.150209,839.5814649
38.948647,-77.150209,840.1694071
38.948641,-77.150209,840.7573493
38.948635,-77.150208,841.3452915
38.948629,-77.150208,841.9332337
38.948623,-77.150208,842.5211759
38.948617,-77.150208,843.1091181
38.948612,-77.150208,843.6970603
38.948605,-77.150208,844.2850025
38.948599,-77.150208,844.8729447
38.948593,-77.150208,845.4608869
38.948587,-77.150208,846.0488291
38.948581,-77.150208,846.6367713
38.948575,-77.150208,847.2247135
38.948569,-77.150208,847.8126557
38.948563,-77.150208,848.4005979
38.948556,-77.150208,848.9885401
38.94855,-77.150207,849.5764823
38.948544,-77.150207,850.1644245
38.948538,-77.150207,850.7523667
38.948532,-77.150207,851.3403089
38.948526,-77.150207,851.9282511
38.94852,-77.150207,852.5161933
38.948514,-77.150207,853.1041355
38.948507,-77.150208,853.6920777
38.948501,-77.150208,854.2800199
38.948495,-77.150208,854.8679621
38.948489,-77.150208,855.4559043
38.948483,-77.150208,856.0438465
38.948477,-77.150209,856.6317887
38.948471,-77.150209,857.2197309
38.948465,-77.150209,857.8076731
38.948458,-77.15021,858.3956153
38.948452,-77.15021,858.9835575
38.948446,-77.150211,859.5714998
38.94844,-77.150211,860.159442
38.948434,-77.150212,860.7473842
38.948429,-77.150212,861.3353264
38.948423,-77.150213,861.9232686
38.948417,-77.150213,862.5112108
38.94841,-77.150214,863.099153
38.948404,-77.150214,863.6870952
38.948398,-77.150214,864.2750374
38.948392,-77.150215,864.8629796
38.948386,-77.150215,865.4509218
38.94838,-77.150216,866.038864
38.948374,-77.150216,866.6268062
38.948369,-77.150217,867.2147484
38.948361,-77.150217,867.8026906
38.948356,-77.150218,868.3906328
38.94835,-77.150219,868.978575
38.948344,-77.150219,869.5665172
38.948338,-77.15022,870.1544594
38.948332,-77.15022,870.7424016
38.948326,-77.150221,871.3303438
38.94832,-77.150222,871.918286
38.948313,-77.150222,872.5062282
38.948307,-77.150223,873.0941704
38.948301,-77.150224,873.6821126
38.948295,-77.150224,874.2700548
38.948289,-77.150225,874.857997
38.948283,-77.150226,875.4459392
38.948278,-77.150227,876.0338814
38.948271,-77.150227,876.6218236
38.948265,-77.150228,877.2097658
38.948259,-77.150229,877.797708
38.948253,-77.15023,878.3856502
38.948247,-77.15023,878.9735924
38.948241,-77.150231,879.5615346
38.948235,-77.150232,880.1494768
38.948229,-77.150233,880.737419
38.948222,-77.150234,881.3253612
38.948217,-77.150234,881.9133034
38.948211,-77.150235,882.5012456
38.948205,-77.150236,883.0891878
38.948199,-77.150237,883.67713
38.948193,-77.150238,884.2650722
38.948187,-77.150239,884.8530144
38.948182,-77.150239,885.4409567
38.948174,-77.15024,886.0288989
38.948169,-77.150241,886.6168411
38.948163,-77.150242,887.2047833
38.948157,-77.150243,887.7927255
38.948151,-77.150244,888.3806677
38.948145,-77.150245,888.9686099
38.94814,-77.150246,889.5565521
38.948134,-77.150246,890.1444943
38.948127,-77.150248,890.7324365
38.948121,-77.150248,891.3203787
38.948115,-77.150249,891.9083209
38.948109,-77.15025,892.4962631
38.948104,-77.150251,893.0842053
38.948098,-77.150252,893.6721475
38.948092,-77.150253,894.2600897
38.948086,-77.150254,894.8480319
38.948079,-77.150255,895.4359741
38.948073,-77.150256,896.0239163
38.948067,-77.150257,896.6118585
38.948061,-77.150259,897.1998007
38.948056,-77.15026,897.7877429
38.94805,-77.150261,898.3756851
38.948044,-77.150262,898.9636273
38.948038,-77.150263,899.5515695
38.948031,-77.150264,900.1395117
38.948025,-77.150265,900.7274539
38.948019,-77.150266,901.3153961
38.948014,-77.150267,901.9033383
38.948008,-77.150268,902.4912805
38.948002,-77.15027,903.0792227
38.947996,-77.150271,903.6671649
38.94799,-77.150272,904.2551071
38.947983,-77.150273,904.8430493
38.947977,-77.150274,905.4309915
38.947971,-77.150275,906.0189337
38.947966,-77.150277,906.6068759
38.94796,-77.150278,907.1948181
38.947954,-77.150279,907.7827603
38.947948,-77.15028,908.3707025
38.947942,-77.150281,908.9586447
38.947935,-77.150283,909.5465869
38.947929,-77.150284,910.1345291
38.947923,-77.150285,910.7224714
38.947917,-77.150286,911.3104136
38.947911,-77.150287,911.8983558
38.947905,-77.150288,912.486298
38.947899,-77.150289,913.0742402
38.947892,-77.15029,913.6621824
38.947886,-77.150291,914.2501246
38.94788,-77.150292,914.8380668
38.947874,-77.150293,915.426009
38.947868,-77.150295,916.0139512
38.947862,-77.150296,916.6018934
38.947856,-77.150297,917.1898356
38.94785,-77.150298,917.7777778
38.947843,-77.1503,918.36572
38.947837,-77.150301,918.9536622
38.947831,-77.150302,919.5416044
38.947825,-77.150303,920.1295466
38.947819,-77.150304,920.7174888
38.947813,-77.150306,921.305431
38.947806,-77.150307,921.8933732
38.9478,-77.150308,922.4813154
38.947793,-77.15031,923.0692576
38.947787,-77.150311,923.6571998
38.947781,-77.150313,924.245142
38.947775,-77.150314,924.8330842
38.947769,-77.150315,925.4210264
38.947763,-77.150317,926.0089686
38.947757,-77.150318,926.5969108
38.947751,-77.15032,927.184853
38.947744,-77.150321,927.7727952
38.947738,-77.150323,928.3607374
38.947732,-77.150324,928.9486796
38.947726,-77.150326,929.5366218
38.94772,-77.150327,930.124564
38.947714,-77.150329,930.7125062
38.947708,-77.15033,931.3004484
38.947701,-77.150332,931.8883906
38.947694,-77.150334,932.4763328
38.947688,-77.150335,933.064275
38.947682,-77.150337,933.6522172
38.947676,-77.150338,934.2401594
38.94767,-77.15034,934.8281016
38.947664,-77.150341,935.4160438
38.947658,-77.150343,936.003986
38.947652,-77.150345,936.5919283
38.947645,-77.150347,937.1798705
38.947639,-77.150348,937.7678127
38.947633,-77.15035,938.3557549
38.947627,-77.150351,938.9436971
38.947621,-77.150353,939.5316393
38.947615,-77.150355,940.1195815
38.947608,-77.150357,940.7075237
38.947602,-77.150358,941.2954659
38.947595,-77.15036,941.8834081
38.947589,-77.150362,942.4713503
38.947583,-77.150364,943.0592925
38.947577,-77.150365,943.6472347
38.947571,-77.150367,944.2351769
38.947565,-77.150369,944.8231191
38.947559,-77.150371,945.4110613
38.947551,-77.150373,945.9990035
38.947545,-77.150375,946.5869457
38.947539,-77.150377,947.1748879
38.947533,-77.150378,947.7628301
38.947527,-77.15038,948.3507723
38.947521,-77.150382,948.9387145
38.947515,-77.150384,949.5266567
38.947509,-77.150386,950.1145989
38.947501,-77.150388,950.7025411
38.947495,-77.15039,951.2904833
38.947489,-77.150392,951.8784255
38.947483,-77.150394,952.4663677
38.947477,-77.150396,953.0543099
38.947471,-77.150398,953.6422521
38.947465,-77.1504,954.2301943
38.947459,-77.150402,954.8181365
38.947452,-77.150405,955.4060787
38.947446,-77.150407,955.9940209
38.94744,-77.150409,956.5819631
38.947434,-77.150411,957.1699053
38.947428,-77.150414,957.7578475
38.947422,-77.150416,958.3457897
38.947416,-77.150418,958.9337319
38.947411,-77.15042,959.5216741
38.947403,-77.150423,960.1096163
38.947397,-77.150425,960.6975585
38.947391,-77.150428,961.2855007
38.947385,-77.15043,961.8734429
38.94738,-77.150432,962.4613852
38.947374,-77.150434,963.0493274
38.947368,-77.150437,963.6372696
38.947362,-77.150439,964.2252118
38.947355,-77.150442,964.813154
38.947349,-77.150444,965.4010962
38.947343,-77.150447,965.9890384
38.947337,-77.150449,966.5769806
38.947331,-77.150452,967.1649228
38.947325,-77.150454,967.752865
38.94732,-77.150457,968.3408072
38.947314,-77.150459,968.9287494
38.947307,-77.150462,969.5166916
38.947301,-77.150465,970.1046338
38.947295,-77.150467,970.692576
38.947289,-77.15047,971.2805182
38.947284,-77.150472,971.8684604
38.947278,-77.150475,972.4564026
38.947272,-77.150477,973.0443448
38.947266,-77.15048,973.632287
38.947253,-77.150486,974.2202292
38.947247,-77.150489,974.8081714
38.947241,-77.150492,975.3961136
38.947235,-77.150494,975.9840558
38.947229,-77.150497,976.571998
38.947223,-77.1505,977.1599402
38.947217,-77.150503,977.7478824
38.94721,-77.150506,978.3358246
38.947204,-77.150509,978.9237668
38.947198,-77.150512,979.511709
38.947193,-77.150514,980.0996512
38.947187,-77.150517,980.6875934
38.947181,-77.15052,981.2755356
38.947175,-77.150522,981.8634778
38.947168,-77.150526,982.45142
38.947162,-77.150528,983.0393622
38.947156,-77.150531,983.6273044
38.94715,-77.150534,984.2152466
38.947144,-77.150536,984.8031888
38.947138,-77.150539,985.391131
38.947132,-77.150542,985.9790732
38.947127,-77.150545,986.5670154
38.94712,-77.150548,987.1549576
38.947114,-77.150551,987.7428999
38.947108,-77.150554,988.3308421
38.947102,-77.150557,988.9187843
38.947096,-77.15056,989.5067265
38.94709,-77.150563,990.0946687
38.947084,-77.150566,990.6826109
38.947079,-77.150569,991.2705531
38.947072,-77.150572,991.8584953
38.947066,-77.150575,992.4464375
38.94706,-77.150578,993.0343797
38.947054,-77.150581,993.6223219
38.947048,-77.150584,994.2102641
38.947042,-77.150587,994.7982063
38.947037,-77.150591,995.3861485
38.947031,-77.150594,995.9740907
38.947024,-77.150598,996.5620329
38.947018,-77.150601,997.1499751
38.947012,-77.150604,997.7379173
38.947006,-77.150607,998.3258595
38.947001,-77.15061,998.9138017
38.946995,-77.150613,999.5017439
38.946989,-77.150616,1000.089686
38.946983,-77.150619,1000.677628
38.946976,-77.150623,1001.265571
38.94697,-77.150626,1001.853513
38.946965,-77.150629,1002.441455
38.946959,-77.150633,1003.029397
38.946953,-77.150636,1003.617339
38.946947,-77.150639,1004.205282
38.946942,-77.150642,1004.793224
38.946936,-77.150645,1005.381166
38.946929,-77.150649,1005.969108
38.946923,-77.150653,1006.55705
38.946917,-77.150656,1007.144993
38.946912,-77.150659,1007.732935
38.946906,-77.150662,1008.320877
38.9469,-77.150666,1008.908819
38.946895,-77.150669,1009.496761
38.946889,-77.150673,1010.084704
38.946882,-77.150677,1010.672646
38.946876,-77.15068,1011.260588
38.94687,-77.150683,1011.84853
38.946865,-77.150687,1012.436472
38.946859,-77.15069,1013.024415
38.946853,-77.150694,1013.612357
38.946847,-77.150697,1014.200299
38.946842,-77.150701,1014.788241
38.946835,-77.150705,1015.376183
38.946829,-77.150708,1015.964126
38.946823,-77.150712,1016.552068
38.946818,-77.150715,1017.14001
38.946812,-77.150718,1017.727952
38.946806,-77.150722,1018.315894
38.9468,-77.150725,1018.903837
38.946793,-77.15073,1019.491779
38.946787,-77.150733,1020.079721
38.946782,-77.150736,1020.667663
38.946776,-77.15074,1021.255605
38.94677,-77.150744,1021.843548
38.946764,-77.150747,1022.43149
38.946759,-77.150751,1023.019432
38.946753,-77.150754,1023.607374
38.946746,-77.150759,1024.195316
38.946741,-77.150763,1024.783259
38.946735,-77.150766,1025.371201
38.946729,-77.15077,1025.959143
38.946724,-77.150774,1026.547085
38.946718,-77.150777,1027.135027
38.946712,-77.150781,1027.72297
38.946707,-77.150785,1028.310912
38.9467,-77.150789,1028.898854
38.946694,-77.150793,1029.486796
38.946689,-77.150797,1030.074738
38.946683,-77.150801,1030.662681
38.946678,-77.150804,1031.250623
38.946672,-77.150808,1031.838565
38.946667,-77.150812,1032.426507
38.946661,-77.150816,1033.014449
38.946655,-77.15082,1033.602392
38.946649,-77.150824,1034.190334
38.946644,-77.150828,1034.778276
38.946638,-77.150832,1035.366218
38.946633,-77.150836,1035.95416
38.946628,-77.150839,1036.542103
38.946622,-77.150843,1037.130045
38.946617,-77.150847,1037.717987
38.94661,-77.150852,1038.305929
38.946605,-77.150856,1038.893871
38.946599,-77.15086,1039.481814
38.946594,-77.150864,1040.069756
38.946589,-77.150868,1040.657698
38.946583,-77.150872,1041.24564
38.946578,-77.150876,1041.833582
38.946572,-77.15088,1042.421525
38.946566,-77.150885,1043.009467
38.94656,-77.150889,1043.597409
38.946555,-77.150893,1044.185351
38.94655,-77.150897,1044.773293
38.946544,-77.150901,1045.361236
38.946539,-77.150905,1045.949178
38.946533,-77.150909,1046.53712
38.946528,-77.150913,1047.125062
38.946522,-77.150918,1047.713004
38.946516,-77.150922,1048.300947
38.946511,-77.150926,1048.888889
38.946505,-77.15093,1049.476831
38.9465,-77.150934,1050.064773
38.946495,-77.150938,1050.652715
38.946489,-77.150942,1051.240658
38.946483,-77.150947,1051.8286
38.946477,-77.150951,1052.416542
38.946472,-77.150955,1053.004484
38.946467,-77.15096,1053.592427
38.946461,-77.150964,1054.180369
38.946456,-77.150968,1054.768311
38.946451,-77.150972,1055.356253
38.946445,-77.150976,1055.944195
38.946439,-77.150981,1056.532138
38.946433,-77.150985,1057.12008
38.946428,-77.15099,1057.708022
38.946423,-77.150994,1058.295964
38.946417,-77.150998,1058.883906
38.946412,-77.151002,1059.471849
38.946407,-77.151006,1060.059791
38.946401,-77.151011,1060.647733
38.946395,-77.151016,1061.235675
38.946389,-77.15102,1061.823617
38.946384,-77.151024,1062.41156
38.946379,-77.151028,1062.999502
38.946373,-77.151032,1063.587444
38.946368,-77.151037,1064.175386
38.946362,-77.151041,1064.763328
38.946357,-77.151045,1065.351271
38.94635,-77.15105,1065.939213
38.946345,-77.151055,1066.527155
38.94634,-77.151059,1067.115097
38.946334,-77.151063,1067.703039
38.946329,-77.151067,1068.290982
38.946323,-77.151072,1068.878924
38.946318,-77.151076,1069.466866
38.946312,-77.15108,1070.054808
38.946306,-77.151085,1070.64275
38.946301,-77.151089,1071.230693
38.946295,-77.151094,1071.818635
38.94629,-77.151098,1072.406577
38.946284,-77.151102,1072.994519
38.946279,-77.151106,1073.582461
38.946273,-77.15111,1074.170404
38.946267,-77.151114,1074.758346
38.946261,-77.151119,1075.346288
38.946255,-77.151123,1075.93423
38.94625,-77.151127,1076.522172
38.946244,-77.151131,1077.110115
38.946239,-77.151135,1077.698057
38.946233,-77.151139,1078.285999
38.946228,-77.151143,1078.873941
38.946222,-77.151147,1079.461883
38.946216,-77.151152,1080.049826
38.94621,-77.151156,1080.637768
38.946205,-77.15116,1081.22571
38.946199,-77.151164,1081.813652
38.946194,-77.151168,1082.401594
38.946188,-77.151171,1082.989537
38.946183,-77.151175,1083.577479
38.946177,-77.151179,1084.165421
38.946171,-77.151184,1084.753363
38.946165,-77.151188,1085.341305
38.94616,-77.151192,1085.929248
38.946154,-77.151196,1086.51719
38.946149,-77.1512,1087.105132
38.946144,-77.151204,1087.693074
38.946138,-77.151207,1088.281016
38.946132,-77.151212,1088.868959
38.946126,-77.151216,1089.456901
38.946121,-77.15122,1090.044843
38.946115,-77.151224,1090.632785
38.94611,-77.151227,1091.220727
38.946105,-77.151231,1091.80867
38.946099,-77.151235,1092.396612
38.946094,-77.151239,1092.984554
38.946088,-77.151244,1093.572496
38.946082,-77.151248,1094.160438
38.946077,-77.151252,1094.748381
38.946072,-77.151255,1095.336323
38.946066,-77.151259,1095.924265
38.946061,-77.151263,1096.512207
38.946056,-77.151267,1097.100149
38.946051,-77.151271,1097.688092
38.946044,-77.151275,1098.276034
38.946039,-77.151279,1098.863976
38.946034,-77.151283,1099.451918
38.946028,-77.151287,1100.03986
38.946023,-77.15129,1100.627803
38.946018,-77.151294,1101.215745
38.946012,-77.151298,1101.803687
38.946007,-77.151302,1102.391629
38.946001,-77.151306,1102.979571
38.945996,-77.15131,1103.567514
38.94599,-77.151314,1104.155456
38.945985,-77.151317,1104.743398
38.94598,-77.151321,1105.33134
38.945975,-77.151324,1105.919283
38.94597,-77.151328,1106.507225
38.945965,-77.151331,1107.095167
38.945959,-77.151336,1107.683109
38.945954,-77.151339,1108.271051
38.945949,-77.151342,1108.858994
38.945944,-77.151346,1109.446936
38.945939,-77.151349,1110.034878
38.945934,-77.151352,1110.62282
38.945929,-77.151356,1111.210762
38.945924,-77.151359,1111.798705
38.945918,-77.151363,1112.386647
38.945914,-77.151366,1112.974589
38.945909,-77.151369,1113.562531
38.945904,-77.151372,1114.150473
38.945899,-77.151376,1114.738416
38.945895,-77.151379,1115.326358
38.94589,-77.151382,1115.9143
38.945886,-77.151385,1116.502242
38.94588,-77.151388,1117.090184
38.945875,-77.151391,1117.678127
38.945871,-77.151394,1118.266069
38.945866,-77.151397,1118.854011
38.945862,-77.1514,1119.441953
38.945857,-77.151403,1120.029895
38.945853,-77.151406,1120.617838
38.945848,-77.151409,1121.20578
38.945843,-77.151412,1121.793722
38.945839,-77.151415,1122.381664
38.945834,-77.151418,1122.969606
38.94583,-77.15142,1123.557549
38.945826,-77.151423,1124.145491
38.945822,-77.151426,1124.733433
38.945817,-77.151429,1125.321375
38.945812,-77.151432,1125.909317
38.945808,-77.151434,1126.49726
38.945804,-77.151437,1127.085202
38.9458,-77.15144,1127.673144
38.945796,-77.151442,1128.261086
38.945792,-77.151444,1128.849028
38.945788,-77.151447,1129.436971
38.945784,-77.151449,1130.024913
38.945779,-77.151452,1130.612855
38.945775,-77.151454,1131.200797
38.945772,-77.151457,1131.788739
38.945768,-77.151459,1132.376682
38.945764,-77.151461,1132.964624
38.94576,-77.151464,1133.552566
38.945757,-77.151466,1134.140508
38.945753,-77.151468,1134.72845
38.945749,-77.151471,1135.316393
38.945745,-77.151473,1135.904335
38.945742,-77.151475,1136.492277
38.945738,-77.151477,1137.080219
38.945735,-77.151479,1137.668161
38.945732,-77.151481,1138.256104
38.945728,-77.151483,1138.844046
38.945725,-77.151485,1139.431988
38.945721,-77.151488,1140.01993
38.945718,-77.15149,1140.607872
38.945715,-77.151492,1141.195815
38.945713,-77.151494,1141.783757
38.94571,-77.151496,1142.371699
38.945707,-77.151498,1142.959641
38.945704,-77.1515,1143.547583
38.945701,-77.151502,1144.135526
38.945698,-77.151505,1144.723468
38.945696,-77.151507,1145.31141
38.945693,-77.151509,1145.899352
38.94569,-77.151511,1146.487294
38.945688,-77.151513,1147.075237
38.945686,-77.151515,1147.663179
38.945683,-77.151517,1148.251121
38.945681,-77.151519,1148.839063
38.945679,-77.151521,1149.427005
38.945676,-77.151523,1150.014948
38.945674,-77.151525,1150.60289
38.945672,-77.151527,1151.190832
38.94567,-77.151529,1151.778774
38.945669,-77.151531,1152.366716
38.945667,-77.151533,1152.954659
38.945665,-77.151535,1153.542601
38.945663,-77.151537,1154.130543
38.945661,-77.151539,1154.718485
38.94566,-77.151541,1155.306428
38.945658,-77.151543,1155.89437
38.945657,-77.151545,1156.482312
38.945656,-77.151547,1157.070254
38.945654,-77.151548,1157.658196
38.945653,-77.151551,1158.246139
38.945651,-77.151552,1158.834081
38.94565,-77.151554,1159.422023
38.945649,-77.151556,1160.009965
38.945648,-77.151558,1160.597907
38.945647,-77.151559,1161.18585
38.945646,-77.151561,1161.773792
38.945645,-77.151563,1162.361734
38.945644,-77.151565,1162.949676
38.945643,-77.151567,1163.537618
38.945642,-77.151568,1164.125561
38.945642,-77.15157,1164.713503
38.945641,-77.151572,1165.301445
38.94564,-77.151573,1165.889387
38.945639,-77.151575,1166.477329
38.945639,-77.151577,1167.065272
38.945638,-77.151579,1167.653214
38.945637,-77.15158,1168.241156
38.945637,-77.151582,1168.829098
38.945636,-77.151584,1169.41704
38.945636,-77.151585,1170.004983
38.945635,-77.151587,1170.592925
38.945635,-77.151589,1171.180867
38.945634,-77.151591,1171.768809
38.945633,-77.151593,1172.356751
38.945633,-77.151594,1172.944694
38.945632,-77.151596,1173.532636
38.945632,-77.151598,1174.120578
38.945631,-77.1516,1174.70852
38.945631,-77.151601,1175.296462
38.945631,-77.151603,1175.884405
38.94563,-77.151605,1176.472347
38.94563,-77.151607,1177.060289
38.94563,-77.151608,1177.648231
38.945629,-77.15161,1178.236173
38.945629,-77.151612,1178.824116
38.945629,-77.151613,1180
